iteration_count,per_iteration_count,prover_time,verifier_time,compressed_snark_prover_time,compressed_snark_verifier_time
2,0,406.564633436s,7.715783588s,1888.940493959s,29.619060321s
4,0,814.078163605s,8.204700977s,1897.233313047s,29.785092718s
8,0,1635.748578324s,8.250790463s,1888.714333426s,29.661004956s
16,0,3299.728453349s,7.748755775s,1893.763306083s,29.57065313s
32,0,6616.099925986s,8.26654752s,1882.250960954s,29.577882252s
64,0,13266.405790673s,8.157251658s,1893.844395374s,29.505777169s
